questionId,sourceNode,reason,currentText,existingReplacement,nextAction,generationPrompt
"human-body-head-and-face-1-usage-scene-1","1608:9","The clinical source needs a separate review of the depicted person and all anatomical relationships.","After bumping her head on an open cupboard, Lina feels a tender spot on her scalp. The doctor checks her skull and asks whether she felt dizzy.","","Replacement artwork needed; use labelled placeholder and textual evidence.","Illustrate exactly: After bumping her head on an open cupboard, Lina feels a tender spot on her scalp. The doctor checks her skull and asks whether she felt dizzy.. Show the specified objects, quantities, colors, people, positions, and actions clearly at phone size. Adult learning context. Keep all critical clues within the frame. No assessed word, answer labels, decorative numerals, captions, or watermarks. Verify every count and geometric or anatomical relationship."
"human-body-head-and-face-1-usage-scene-2","1608:15","The clinical source needs a separate review of the depicted person and all anatomical relationships.","At the salon, Maya points to her temple. ""Please cut this hair shorter, but leave more on the crown of my head. Keep my forehead clear, too.""","","Replacement artwork needed; use labelled placeholder and textual evidence.","Illustrate exactly: At the salon, Maya points to her temple. ""Please cut this hair shorter, but leave more on the crown of my head. Keep my forehead clear, too."". Show the specified objects, quantities, colors, people, positions, and actions clearly at phone size. Adult learning context. Keep all critical clues within the frame. No assessed word, answer labels, decorative numerals, captions, or watermarks. Verify every count and geometric or anatomical relationship."
"human-body-head-and-face-1-usage-scene-3","1608:21","The clinical source needs a separate review of the depicted person and all anatomical relationships.","Sam is having a passport photo taken. ""Relax your jaw and lift your chin a little,"" says the photographer. ""Is that comfortable for your neck?""","","Replacement artwork needed; use labelled placeholder and textual evidence.","Illustrate exactly: Sam is having a passport photo taken. ""Relax your jaw and lift your chin a little,"" says the photographer. ""Is that comfortable for your neck?"". Show the specified objects, quantities, colors, people, positions, and actions clearly at phone size. Adult learning context. Keep all critical clues within the frame. No assessed word, answer labels, decorative numerals, captions, or watermarks. Verify every count and geometric or anatomical relationship."
"human-body-head-and-face-1-usage-scene-4","1608:27","The clinical source needs a separate review of the depicted person and all anatomical relationships.","Noor tells the pharmacist that her throat is sore and one eye feels itchy. She raises an eyebrow when he asks whether she has changed her face cream.","","Replacement artwork needed; use labelled placeholder and textual evidence.","Illustrate exactly: Noor tells the pharmacist that her throat is sore and one eye feels itchy. She raises an eyebrow when he asks whether she has changed her face cream.. Show the specified objects, quantities, colors, people, positions, and actions clearly at phone size. Adult learning context. Keep all critical clues within the frame. No assessed word, answer labels, decorative numerals, captions, or watermarks. Verify every count and geometric or anatomical relationship."
"human-body-head-and-face-1-usage-scene-5","1608:33","The clinical source needs a separate review of the depicted person and all anatomical relationships.","Amir notices an eyelash on his cheek before his eye test. ""Keep your eyelid open, please,"" says the optometrist as she checks his pupil with a small light.","","Replacement artwork needed; use labelled placeholder and textual evidence.","Illustrate exactly: Amir notices an eyelash on his cheek before his eye test. ""Keep your eyelid open, please,"" says the optometrist as she checks his pupil with a small light.. Show the specified objects, quantities, colors, people, positions, and actions clearly at phone size. Adult learning context. Keep all critical clues within the frame. No assessed word, answer labels, decorative numerals, captions, or watermarks. Verify every count and geometric or anatomical relationship."
"sentence:eight","1581:229","Empty desks do not depict eight students.","Eight students are here.","","Replacement artwork needed; use labelled placeholder and textual evidence.","Illustrate exactly: Eight students are here.. Show the specified objects, quantities, colors, people, positions, and actions clearly at phone size. Adult learning context. Keep all critical clues within the frame. No assessed word, answer labels, decorative numerals, captions, or watermarks. Verify every count and geometric or anatomical relationship."
"sentence:thirteen","1581:234","Fourteen figures do not depict thirteen people.","Thirteen people are waiting.","","Replacement artwork needed; use labelled placeholder and textual evidence.","Illustrate exactly: Thirteen people are waiting.. Show the specified objects, quantities, colors, people, positions, and actions clearly at phone size. Adult learning context. Keep all critical clues within the frame. No assessed word, answer labels, decorative numerals, captions, or watermarks. Verify every count and geometric or anatomical relationship."
"sentence:eighteen","1581:239","Twelve plates do not depict eighteen plates.","We need eighteen plates.","","Replacement artwork needed; use labelled placeholder and textual evidence.","Illustrate exactly: We need eighteen plates.. Show the specified objects, quantities, colors, people, positions, and actions clearly at phone size. Adult learning context. Keep all critical clues within the frame. No assessed word, answer labels, decorative numerals, captions, or watermarks. Verify every count and geometric or anatomical relationship."
"sentence:nineteen","1581:240","Twenty-one figures do not depict nineteen people.","Nineteen people are here.","","Replacement artwork needed; use labelled placeholder and textual evidence.","Illustrate exactly: Nineteen people are here.. Show the specified objects, quantities, colors, people, positions, and actions clearly at phone size. Adult learning context. Keep all critical clues within the frame. No assessed word, answer labels, decorative numerals, captions, or watermarks. Verify every count and geometric or anatomical relationship."
"sentence:twenty","1581:241","The full seat count cannot be established from this view.","The bus has twenty seats.","","Replacement artwork needed; use labelled placeholder and textual evidence.","Illustrate exactly: The bus has twenty seats.. Show the specified objects, quantities, colors, people, positions, and actions clearly at phone size. Adult learning context. Keep all critical clues within the frame. No assessed word, answer labels, decorative numerals, captions, or watermarks. Verify every count and geometric or anatomical relationship."
"sentence:thirty","1581:242","The student count cannot be established unambiguously.","The class has thirty students.","","Replacement artwork needed; use labelled placeholder and textual evidence.","Illustrate exactly: The class has thirty students.. Show the specified objects, quantities, colors, people, positions, and actions clearly at phone size. Adult learning context. Keep all critical clues within the frame. No assessed word, answer labels, decorative numerals, captions, or watermarks. Verify every count and geometric or anatomical relationship."
"sentence:forty","1581:243","An open book does not establish forty pages.","This book has forty pages.","","Replacement artwork needed; use labelled placeholder and textual evidence.","Illustrate exactly: This book has forty pages.. Show the specified objects, quantities, colors, people, positions, and actions clearly at phone size. Adult learning context. Keep all critical clues within the frame. No assessed word, answer labels, decorative numerals, captions, or watermarks. Verify every count and geometric or anatomical relationship."
"sentence:fifty","1581:244","Unlabelled coin stacks do not establish fifty pounds.","I have fifty pounds.","","Replacement artwork needed; use labelled placeholder and textual evidence.","Illustrate exactly: I have fifty pounds.. Show the specified objects, quantities, colors, people, positions, and actions clearly at phone size. Adult learning context. Keep all critical clues within the frame. No assessed word, answer labels, decorative numerals, captions, or watermarks. Verify every count and geometric or anatomical relationship."
"sentence:seventy","1581:246","An age numeral reveals the assessed answer; no grandfather is shown.","My grandfather is seventy.","","Replacement artwork needed; use labelled placeholder and textual evidence.","Illustrate exactly: My grandfather is seventy.. Show the specified objects, quantities, colors, people, positions, and actions clearly at phone size. Adult learning context. Keep all critical clues within the frame. No assessed word, answer labels, decorative numerals, captions, or watermarks. Verify every count and geometric or anatomical relationship."
"sentence:eighty","1581:247","Overlapping cards do not establish eighty cards.","The box holds eighty cards.","","Replacement artwork needed; use labelled placeholder and textual evidence.","Illustrate exactly: The box holds eighty cards.. Show the specified objects, quantities, colors, people, positions, and actions clearly at phone size. Adult learning context. Keep all critical clues within the frame. No assessed word, answer labels, decorative numerals, captions, or watermarks. Verify every count and geometric or anatomical relationship."
"sentence:ninety","1581:248","Unlabelled coin stacks do not establish ninety pounds.","The trip costs ninety pounds.","","Replacement artwork needed; use labelled placeholder and textual evidence.","Illustrate exactly: The trip costs ninety pounds.. Show the specified objects, quantities, colors, people, positions, and actions clearly at phone size. Adult learning context. Keep all critical clues within the frame. No assessed word, answer labels, decorative numerals, captions, or watermarks. Verify every count and geometric or anatomical relationship."
"sentence:hundred","1581:249","The figure count cannot be established unambiguously at phone size.","One hundred people came.","","Replacement artwork needed; use labelled placeholder and textual evidence.","Illustrate exactly: One hundred people came.. Show the specified objects, quantities, colors, people, positions, and actions clearly at phone size. Adult learning context. Keep all critical clues within the frame. No assessed word, answer labels, decorative numerals, captions, or watermarks. Verify every count and geometric or anatomical relationship."
"sentence:thousand","1581:250","The model does not establish one thousand homes.","The town has one thousand homes.","","Replacement artwork needed; use labelled placeholder and textual evidence.","Illustrate exactly: The town has one thousand homes.. Show the specified objects, quantities, colors, people, positions, and actions clearly at phone size. Adult learning context. Keep all critical clues within the frame. No assessed word, answer labels, decorative numerals, captions, or watermarks. Verify every count and geometric or anatomical relationship."
"sentence:million","1581:251","A model crowd does not establish one million people.","The city has one million people.","","Replacement artwork needed; use labelled placeholder and textual evidence.","Illustrate exactly: The city has one million people.. Show the specified objects, quantities, colors, people, positions, and actions clearly at phone size. Adult learning context. Keep all critical clues within the frame. No assessed word, answer labels, decorative numerals, captions, or watermarks. Verify every count and geometric or anatomical relationship."
"sentence:first","1581:252","Cars do not represent the people in the queue.","I am first in line.","","Replacement artwork needed; use labelled placeholder and textual evidence.","Illustrate exactly: I am first in line.. Show the specified objects, quantities, colors, people, positions, and actions clearly at phone size. Adult learning context. Keep all critical clues within the frame. No assessed word, answer labels, decorative numerals, captions, or watermarks. Verify every count and geometric or anatomical relationship."
"sentence:second","1581:253","Cars do not represent the people in the queue.","Mona is second in line.","","Replacement artwork needed; use labelled placeholder and textual evidence.","Illustrate exactly: Mona is second in line.. Show the specified objects, quantities, colors, people, positions, and actions clearly at phone size. Adult learning context. Keep all critical clues within the frame. No assessed word, answer labels, decorative numerals, captions, or watermarks. Verify every count and geometric or anatomical relationship."
"sentence:third","1581:254","Cars do not represent the people in the queue.","Ali is third in line.","","Replacement artwork needed; use labelled placeholder and textual evidence.","Illustrate exactly: Ali is third in line.. Show the specified objects, quantities, colors, people, positions, and actions clearly at phone size. Adult learning context. Keep all critical clues within the frame. No assessed word, answer labels, decorative numerals, captions, or watermarks. Verify every count and geometric or anatomical relationship."
"sentence:fourth","1581:255","Printed page number reveals the assessed answer.","This is the fourth page.","","Replacement artwork needed; use labelled placeholder and textual evidence.","Illustrate exactly: This is the fourth page.. Show the specified objects, quantities, colors, people, positions, and actions clearly at phone size. Adult learning context. Keep all critical clues within the frame. No assessed word, answer labels, decorative numerals, captions, or watermarks. Verify every count and geometric or anatomical relationship."
"sentence:sixth","1581:257","Award rosettes do not represent a woman finishing a race.","She finished in sixth place.","","Replacement artwork needed; use labelled placeholder and textual evidence.","Illustrate exactly: She finished in sixth place.. Show the specified objects, quantities, colors, people, positions, and actions clearly at phone size. Adult learning context. Keep all critical clues within the frame. No assessed word, answer labels, decorative numerals, captions, or watermarks. Verify every count and geometric or anatomical relationship."
"sentence:seventh","1581:258","The floor count and person position are ambiguous.","He lives on the seventh floor.","","Replacement artwork needed; use labelled placeholder and textual evidence.","Illustrate exactly: He lives on the seventh floor.. Show the specified objects, quantities, colors, people, positions, and actions clearly at phone size. Adult learning context. Keep all critical clues within the frame. No assessed word, answer labels, decorative numerals, captions, or watermarks. Verify every count and geometric or anatomical relationship."
"sentence:eighth","1581:259","Printed lesson number reveals the assessed answer.","This is my eighth lesson.","","Replacement artwork needed; use labelled placeholder and textual evidence.","Illustrate exactly: This is my eighth lesson.. Show the specified objects, quantities, colors, people, positions, and actions clearly at phone size. Adult learning context. Keep all critical clues within the frame. No assessed word, answer labels, decorative numerals, captions, or watermarks. Verify every count and geometric or anatomical relationship."
"sentence:ninth","1581:260","Labelled cards reveal the assessed ordinal.","She chose the ninth card.","","Replacement artwork needed; use labelled placeholder and textual evidence.","Illustrate exactly: She chose the ninth card.. Show the specified objects, quantities, colors, people, positions, and actions clearly at phone size. Adult learning context. Keep all critical clues within the frame. No assessed word, answer labels, decorative numerals, captions, or watermarks. Verify every count and geometric or anatomical relationship."
"sentence:tenth","1581:261","Overlapping cards do not establish the final lesson position.","Today is the tenth lesson.","","Replacement artwork needed; use labelled placeholder and textual evidence.","Illustrate exactly: Today is the tenth lesson.. Show the specified objects, quantities, colors, people, positions, and actions clearly at phone size. Adult learning context. Keep all critical clues within the frame. No assessed word, answer labels, decorative numerals, captions, or watermarks. Verify every count and geometric or anatomical relationship."
"sentence:equals","1581:266","The combined apple count is visually ambiguous.","Two plus three equals five.","","Replacement artwork needed; use labelled placeholder and textual evidence.","Illustrate exactly: Two plus three equals five.. Show the specified objects, quantities, colors, people, positions, and actions clearly at phone size. Adult learning context. Keep all critical clues within the frame. No assessed word, answer labels, decorative numerals, captions, or watermarks. Verify every count and geometric or anatomical relationship."
"sentence:minus","1581:268","Two groups of oranges do not demonstrate removal.","Five minus two equals three.","","Replacement artwork needed; use labelled placeholder and textual evidence.","Illustrate exactly: Five minus two equals three.. Show the specified objects, quantities, colors, people, positions, and actions clearly at phone size. Adult learning context. Keep all critical clues within the frame. No assessed word, answer labels, decorative numerals, captions, or watermarks. Verify every count and geometric or anatomical relationship."
"sentence:indigo","1581:337","Fabric samples do not show the rainbow specified in the sentence.","Indigo appears in the rainbow.","","Replacement artwork needed; use labelled placeholder and textual evidence.","Illustrate exactly: Indigo appears in the rainbow.. Show the specified objects, quantities, colors, people, positions, and actions clearly at phone size. Adult learning context. Keep all critical clues within the frame. No assessed word, answer labels, decorative numerals, captions, or watermarks. Verify every count and geometric or anatomical relationship."
"sentence:light","1581:343","A mug does not support a sentence about light walls.","This room has light walls.","","Replacement artwork needed; use labelled placeholder and textual evidence.","Illustrate exactly: This room has light walls.. Show the specified objects, quantities, colors, people, positions, and actions clearly at phone size. Adult learning context. Keep all critical clues within the frame. No assessed word, answer labels, decorative numerals, captions, or watermarks. Verify every count and geometric or anatomical relationship."
"sentence:gradient","1581:359","A sky does not represent the poster specified in the sentence.","The poster has a smooth gradient.","","Replacement artwork needed; use labelled placeholder and textual evidence.","Illustrate exactly: The poster has a smooth gradient.. Show the specified objects, quantities, colors, people, positions, and actions clearly at phone size. Adult learning context. Keep all critical clues within the frame. No assessed word, answer labels, decorative numerals, captions, or watermarks. Verify every count and geometric or anatomical relationship."
"shapes-geometry-1-usage-scene-2","1581:405","One or more comparison objects are inaccurate or ambiguous; retain the reviewed vector scene.","During a practical design review, a technician compares examples of rectangle, oval, and diamond. The specification gives this description: A rounded two-dimensional shape like a stretched circle..","usage-illustrations/v1/shapes-geometry-1-usage-scene-2/3a54e7a862d84cd185b8303e8f503c255ab22e2b4ea51b4a8660bac59a402700.webp","Covered by reviewed vector; source photo remains withheld.","Illustrate exactly: During a practical design review, a technician compares examples of rectangle, oval, and diamond. The specification gives this description: A rounded two-dimensional shape like a stretched circle... Show the specified objects, quantities, colors, people, positions, and actions clearly at phone size. Adult learning context. Keep all critical clues within the frame. No assessed word, answer labels, decorative numerals, captions, or watermarks. Verify every count and geometric or anatomical relationship."
"shapes-geometry-2-usage-scene-1","1581:409","One or more comparison objects are inaccurate or ambiguous; retain the reviewed vector scene.","During a practical design review, a technician compares examples of prism, cuboid, and hemisphere. The specification gives this description: One half of a sphere..","usage-illustrations/v1/shapes-geometry-2-usage-scene-1/6d499e9a46ed6d7baa7778b6436d793e5ce514ae83982559572fefeb6107bac5.webp","Covered by reviewed vector; source photo remains withheld.","Illustrate exactly: During a practical design review, a technician compares examples of prism, cuboid, and hemisphere. The specification gives this description: One half of a sphere... Show the specified objects, quantities, colors, people, positions, and actions clearly at phone size. Adult learning context. Keep all critical clues within the frame. No assessed word, answer labels, decorative numerals, captions, or watermarks. Verify every count and geometric or anatomical relationship."
"shapes-geometry-2-usage-scene-2","1581:410","One or more comparison objects are inaccurate or ambiguous; retain the reviewed vector scene.","During a practical design review, a technician compares examples of torus, tetrahedron, and line. The specification gives this description: A long narrow mark or geometric path extending in a direction..","usage-illustrations/v1/shapes-geometry-2-usage-scene-2/557dc9099c4fb010aa33d21051ab1a74aec87f9868373ec1648517e17916747a.webp","Covered by reviewed vector; source photo remains withheld.","Illustrate exactly: During a practical design review, a technician compares examples of torus, tetrahedron, and line. The specification gives this description: A long narrow mark or geometric path extending in a direction... Show the specified objects, quantities, colors, people, positions, and actions clearly at phone size. Adult learning context. Keep all critical clues within the frame. No assessed word, answer labels, decorative numerals, captions, or watermarks. Verify every count and geometric or anatomical relationship."
"shapes-geometry-2-usage-scene-4","1581:412","One or more comparison objects are inaccurate or ambiguous; retain the reviewed vector scene.","During a practical design review, a technician compares examples of spiral, right angle, and acute angle. The specification gives this description: A curve that winds around a central point while moving outward or inward..","usage-illustrations/v1/shapes-geometry-2-usage-scene-4/d3b19280da313a6bbbded7fbdff1517cabcfedd4078396e91fd7a86a2d8beff4.webp","Covered by reviewed vector; source photo remains withheld.","Illustrate exactly: During a practical design review, a technician compares examples of spiral, right angle, and acute angle. The specification gives this description: A curve that winds around a central point while moving outward or inward... Show the specified objects, quantities, colors, people, positions, and actions clearly at phone size. Adult learning context. Keep all critical clues within the frame. No assessed word, answer labels, decorative numerals, captions, or watermarks. Verify every count and geometric or anatomical relationship."
"shapes-geometry-2-usage-scene-5","1581:413","One or more comparison objects are inaccurate or ambiguous; retain the reviewed vector scene.","During a practical design review, a technician compares examples of obtuse angle, parallel, and perpendicular. The specification gives this description: Describes lines that stay the same distance apart and do not meet..","usage-illustrations/v1/shapes-geometry-2-usage-scene-5/6d2ff0d150ee43ec218c4af573255a6b119fd8e6fc53cad4857792ea4eb86754.webp","Covered by reviewed vector; source photo remains withheld.","Illustrate exactly: During a practical design review, a technician compares examples of obtuse angle, parallel, and perpendicular. The specification gives this description: Describes lines that stay the same distance apart and do not meet... Show the specified objects, quantities, colors, people, positions, and actions clearly at phone size. Adult learning context. Keep all critical clues within the frame. No assessed word, answer labels, decorative numerals, captions, or watermarks. Verify every count and geometric or anatomical relationship."
"shapes-geometry-3-usage-scene-2","1581:415","One or more comparison objects are inaccurate or ambiguous; retain the reviewed vector scene.","During a practical design review, a technician compares examples of radius, diameter, and circumference. The specification gives this description: A straight line across a circle through its centre..","usage-illustrations/v1/shapes-geometry-3-usage-scene-2/aaa9571efc15ecff9003c133ba425ee6130638fbc3f8f0ef98b4b8fc3807e415.webp","Covered by reviewed vector; source photo remains withheld.","Illustrate exactly: During a practical design review, a technician compares examples of radius, diameter, and circumference. The specification gives this description: A straight line across a circle through its centre... Show the specified objects, quantities, colors, people, positions, and actions clearly at phone size. Adult learning context. Keep all critical clues within the frame. No assessed word, answer labels, decorative numerals, captions, or watermarks. Verify every count and geometric or anatomical relationship."
"shapes-geometry-3-usage-scene-4","1581:417","One or more comparison objects are inaccurate or ambiguous; retain the reviewed vector scene.","During a practical design review, a technician compares examples of edge, repeat, and sequence. The specification gives this description: A set of items arranged in a particular order..","usage-illustrations/v1/shapes-geometry-3-usage-scene-4/221e91848dd0b16279b0bab72fb8639b0348ac4076fa1ea8860a3da26824579f.webp","Covered by reviewed vector; source photo remains withheld.","Illustrate exactly: During a practical design review, a technician compares examples of edge, repeat, and sequence. The specification gives this description: A set of items arranged in a particular order... Show the specified objects, quantities, colors, people, positions, and actions clearly at phone size. Adult learning context. Keep all critical clues within the frame. No assessed word, answer labels, decorative numerals, captions, or watermarks. Verify every count and geometric or anatomical relationship."
"shapes-geometry-4-usage-scene-1","1581:419","One or more comparison objects are inaccurate or ambiguous; retain the reviewed vector scene.","During a practical design review, a technician compares examples of grid, array, and matrix. The specification gives this description: A pattern of crossing horizontal and vertical lines that forms rows and columns..","usage-illustrations/v1/shapes-geometry-4-usage-scene-1/7401401b5caa03c469f8132b234475e8ae67174a09fa0d1d2e5285442743f38c.webp","Covered by reviewed vector; source photo remains withheld.","Illustrate exactly: During a practical design review, a technician compares examples of grid, array, and matrix. The specification gives this description: A pattern of crossing horizontal and vertical lines that forms rows and columns... Show the specified objects, quantities, colors, people, positions, and actions clearly at phone size. Adult learning context. Keep all critical clues within the frame. No assessed word, answer labels, decorative numerals, captions, or watermarks. Verify every count and geometric or anatomical relationship."
"reading:colors-primary-bright","1596:5","The canvas omits the painted apple specified by the reading; the real apple is outside the painting.","I paint a red apple under a yellow sun. Blue water flows through green grass near an orange bench.","","Replacement artwork needed; use labelled placeholder and textual evidence.","Illustrate exactly: I paint a red apple under a yellow sun. Blue water flows through green grass near an orange bench.. Show the specified objects, quantities, colors, people, positions, and actions clearly at phone size. Adult learning context. Keep all critical clues within the frame. No assessed word, answer labels, decorative numerals, captions, or watermarks. Verify every count and geometric or anatomical relationship."
"reading:colors-light-and-optics","1596:33","The image demonstrates a prism rather than the rain-to-rainbow relationship in the reading.","White light passes through rain to form a rainbow spectrum. Artists use fine pigment to print a smooth gradient with rich color saturation.","","Replacement artwork needed; use labelled placeholder and textual evidence.","Illustrate exactly: White light passes through rain to form a rainbow spectrum. Artists use fine pigment to print a smooth gradient with rich color saturation.. Show the specified objects, quantities, colors, people, positions, and actions clearly at phone size. Adult learning context. Keep all critical clues within the frame. No assessed word, answer labels, decorative numerals, captions, or watermarks. Verify every count and geometric or anatomical relationship."
"fruits-1-usage-scene-2","1673:562","The single large purple fruit does not clearly identify a grape at phone size.","At the morning produce stall, a shopper sees grape, strawberry, and watermelon and chooses watermelon for breakfast.","","Replacement artwork needed; use labelled placeholder and textual evidence.","Illustrate exactly: At the morning produce stall, a shopper sees grape, strawberry, and watermelon and chooses watermelon for breakfast.. Show the specified objects, quantities, colors, people, positions, and actions clearly at phone size. Adult learning context. Keep all critical clues within the frame. No assessed word, answer labels, decorative numerals, captions, or watermarks. Verify every count and geometric or anatomical relationship."
"fruits-2-usage-scene-1","1673:575","The dark berry groups do not clearly distinguish mulberry, boysenberry and acai at phone size.","At the morning produce stall, a shopper sees mulberry, boysenberry, and acai berry and chooses boysenberry for breakfast.","","Replacement artwork needed; use labelled placeholder and textual evidence.","Illustrate exactly: At the morning produce stall, a shopper sees mulberry, boysenberry, and acai berry and chooses boysenberry for breakfast.. Show the specified objects, quantities, colors, people, positions, and actions clearly at phone size. Adult learning context. Keep all critical clues within the frame. No assessed word, answer labels, decorative numerals, captions, or watermarks. Verify every count and geometric or anatomical relationship."
"fruits-3-usage-scene-2","1673:594","The three orange citrus groups do not clearly distinguish tangerine, mandarin and clementine.","In the grocery aisle, a shopper sees tangerine, mandarin, and clementine and puts clementine into a reusable bag.","","Replacement artwork needed; use labelled placeholder and textual evidence.","Illustrate exactly: In the grocery aisle, a shopper sees tangerine, mandarin, and clementine and puts clementine into a reusable bag.. Show the specified objects, quantities, colors, people, positions, and actions clearly at phone size. Adult learning context. Keep all critical clues within the frame. No assessed word, answer labels, decorative numerals, captions, or watermarks. Verify every count and geometric or anatomical relationship."
"vegetables-1-usage-scene-3","1673:620","The dark round root does not clearly represent a yam; learners could confuse it with a beet.","At the neighbourhood produce stall, a shopper sees parsnip, ginger, and yam and chooses parsnip for tonight's meal.","","Replacement artwork needed; use labelled placeholder and textual evidence.","Illustrate exactly: At the neighbourhood produce stall, a shopper sees parsnip, ginger, and yam and chooses parsnip for tonight's meal.. Show the specified objects, quantities, colors, people, positions, and actions clearly at phone size. Adult learning context. Keep all critical clues within the frame. No assessed word, answer labels, decorative numerals, captions, or watermarks. Verify every count and geometric or anatomical relationship."
"vegetables-2-usage-scene-4","1673:639","The leafy bunch lacks clear features distinguishing rapini from the comparison vegetables.","In the grocery aisle, a shopper sees rapini, napa cabbage, and red cabbage and puts rapini into the basket.","","Replacement artwork needed; use labelled placeholder and textual evidence.","Illustrate exactly: In the grocery aisle, a shopper sees rapini, napa cabbage, and red cabbage and puts rapini into the basket.. Show the specified objects, quantities, colors, people, positions, and actions clearly at phone size. Adult learning context. Keep all critical clues within the frame. No assessed word, answer labels, decorative numerals, captions, or watermarks. Verify every count and geometric or anatomical relationship."
"vegetables-3-usage-scene-3","1673:652","The pale and striped produce does not clearly distinguish gourd, chayote and bitter melon.","In the grocery aisle, a shopper sees gourd, chayote, and bitter melon and puts gourd into the basket.","","Replacement artwork needed; use labelled placeholder and textual evidence.","Illustrate exactly: In the grocery aisle, a shopper sees gourd, chayote, and bitter melon and puts gourd into the basket.. Show the specified objects, quantities, colors, people, positions, and actions clearly at phone size. Adult learning context. Keep all critical clues within the frame. No assessed word, answer labels, decorative numerals, captions, or watermarks. Verify every count and geometric or anatomical relationship."
"bedroom-1-usage-scene-1","1673:254","The framed beach portrait contains people whose representation is unclear; use an object-only scene without this portrait.","During an adult bedroom setup or home check, the tenant reviews bed, nightstand, and dresser. They need the item that is a small table kept beside a bed.","","Replacement artwork needed; use labelled placeholder and textual evidence.","Illustrate exactly: During an adult bedroom setup or home check, the tenant reviews bed, nightstand, and dresser. They need the item that is a small table kept beside a bed.. Show the specified objects, quantities, colors, people, positions, and actions clearly at phone size. Adult learning context. Keep all critical clues within the frame. No assessed word, answer labels, decorative numerals, captions, or watermarks. Verify every count and geometric or anatomical relationship."
"kitchen-5-usage-scene-4","1673:475","The opaque drink with a spoon does not clearly establish juice rather than another drink.","During a cooking class, an adult checks or uses honey, apple, and juice. The highlighted item is the honey.","","Replacement artwork needed; use labelled placeholder and textual evidence.","Illustrate exactly: During a cooking class, an adult checks or uses honey, apple, and juice. The highlighted item is the honey.. Show the specified objects, quantities, colors, people, positions, and actions clearly at phone size. Adult learning context. Keep all critical clues within the frame. No assessed word, answer labels, decorative numerals, captions, or watermarks. Verify every count and geometric or anatomical relationship."
"living-room-3-usage-scene-5","1673:523","The loose floor coverings do not clearly distinguish carpet from a rug.","During a home visit, an adult checks or uses rug, carpet, and curtain. The highlighted item is the rug.","","Replacement artwork needed; use labelled placeholder and textual evidence.","Illustrate exactly: During a home visit, an adult checks or uses rug, carpet, and curtain. The highlighted item is the rug.. Show the specified objects, quantities, colors, people, positions, and actions clearly at phone size. Adult learning context. Keep all critical clues within the frame. No assessed word, answer labels, decorative numerals, captions, or watermarks. Verify every count and geometric or anatomical relationship."
"bedroom-1-usage-scene-2","1673:257","Child-oriented room presentation is unsuitable for the adult bedroom scene.","During an adult bedroom setup or home check, the tenant reviews wardrobe, desk, and chair. They need the item that is a tall cupboard for hanging and storing clothes.","","Replacement artwork needed; use labelled placeholder and textual evidence.","Illustrate exactly: During an adult bedroom setup or home check, the tenant reviews wardrobe, desk, and chair. They need the item that is a tall cupboard for hanging and storing clothes.. Show the specified objects, quantities, colors, people, positions, and actions clearly at phone size. Adult learning context. Keep all critical clues within the frame. No assessed word, answer labels, decorative numerals, captions, or watermarks. Verify every count and geometric or anatomical relationship."
"bedroom-2-usage-scene-1","1673:270","The covering is not clearly identifiable as the thick padded comforter being taught.","During an adult bedroom setup or home check, the tenant reviews pillowcase, comforter, and cushion. They need the item that is a thick padded bed covering.","","Replacement artwork needed; use labelled placeholder and textual evidence.","Illustrate exactly: During an adult bedroom setup or home check, the tenant reviews pillowcase, comforter, and cushion. They need the item that is a thick padded bed covering.. Show the specified objects, quantities, colors, people, positions, and actions clearly at phone size. Adult learning context. Keep all critical clues within the frame. No assessed word, answer labels, decorative numerals, captions, or watermarks. Verify every count and geometric or anatomical relationship."
"bedroom-2-usage-scene-2","1673:273","The supporting bed frame is mostly concealed.","During an adult bedroom setup or home check, the tenant reviews bed frame, headboard, and lamp. They need the item that supports the mattress.","","Replacement artwork needed; use labelled placeholder and textual evidence.","Illustrate exactly: During an adult bedroom setup or home check, the tenant reviews bed frame, headboard, and lamp. They need the item that supports the mattress.. Show the specified objects, quantities, colors, people, positions, and actions clearly at phone size. Adult learning context. Keep all critical clues within the frame. No assessed word, answer labels, decorative numerals, captions, or watermarks. Verify every count and geometric or anatomical relationship."
"bedroom-2-usage-scene-4","1673:279","Two area rugs do not clearly demonstrate a carpet covering the floor.","During an adult bedroom setup or home check, the tenant reviews rug, carpet, and ceiling light. They need the item that covers a large part or all of the floor.","","Replacement artwork needed; use labelled placeholder and textual evidence.","Illustrate exactly: During an adult bedroom setup or home check, the tenant reviews rug, carpet, and ceiling light. They need the item that covers a large part or all of the floor.. Show the specified objects, quantities, colors, people, positions, and actions clearly at phone size. Adult learning context. Keep all critical clues within the frame. No assessed word, answer labels, decorative numerals, captions, or watermarks. Verify every count and geometric or anatomical relationship."
"bedroom-3-usage-scene-1","1673:286","Overlay labels contain the assessed word.","During an adult bedroom setup or home check, the tenant reviews alarm clock, picture frame, and clock. They need the item that makes a sound at a set time.","","Replacement artwork needed; use labelled placeholder and textual evidence.","Illustrate exactly: During an adult bedroom setup or home check, the tenant reviews alarm clock, picture frame, and clock. They need the item that makes a sound at a set time.. Show the specified objects, quantities, colors, people, positions, and actions clearly at phone size. Adult learning context. Keep all critical clues within the frame. No assessed word, answer labels, decorative numerals, captions, or watermarks. Verify every count and geometric or anatomical relationship."
"bedroom-3-usage-scene-4","1673:295","Folded denim-like clothing does not clearly represent pajamas.","During an adult bedroom setup or home check, the tenant reviews hanger, pajamas, and slippers. They need the item that holds clothes in a wardrobe.","","Replacement artwork needed; use labelled placeholder and textual evidence.","Illustrate exactly: During an adult bedroom setup or home check, the tenant reviews hanger, pajamas, and slippers. They need the item that holds clothes in a wardrobe.. Show the specified objects, quantities, colors, people, positions, and actions clearly at phone size. Adult learning context. Keep all critical clues within the frame. No assessed word, answer labels, decorative numerals, captions, or watermarks. Verify every count and geometric or anatomical relationship."
"bedroom-3-usage-scene-5","1673:298","Child-oriented room presentation needs an adult setting.","During an adult bedroom setup or home check, the tenant reviews robe, teddy bear, and poster. They need the item that is a loose garment worn at home.","","Replacement artwork needed; use labelled placeholder and textual evidence.","Illustrate exactly: During an adult bedroom setup or home check, the tenant reviews robe, teddy bear, and poster. They need the item that is a loose garment worn at home.. Show the specified objects, quantities, colors, people, positions, and actions clearly at phone size. Adult learning context. Keep all critical clues within the frame. No assessed word, answer labels, decorative numerals, captions, or watermarks. Verify every count and geometric or anatomical relationship."
"bedroom-4-usage-scene-2","1673:305","The jewelry box is not sufficiently visible or distinctive.","During an adult bedroom setup or home check, the tenant reviews backpack, jewelry box, and phone. They need the item that is carried on the back with shoulder straps.","","Replacement artwork needed; use labelled placeholder and textual evidence.","Illustrate exactly: During an adult bedroom setup or home check, the tenant reviews backpack, jewelry box, and phone. They need the item that is carried on the back with shoulder straps.. Show the specified objects, quantities, colors, people, positions, and actions clearly at phone size. Adult learning context. Keep all critical clues within the frame. No assessed word, answer labels, decorative numerals, captions, or watermarks. Verify every count and geometric or anatomical relationship."
"bedroom-4-usage-scene-3","1673:308","A coiled cable alone does not clearly represent a charger.","During an adult bedroom setup or home check, the tenant reviews charger, laptop, and headphones. They need the item that puts electrical energy into a battery.","","Replacement artwork needed; use labelled placeholder and textual evidence.","Illustrate exactly: During an adult bedroom setup or home check, the tenant reviews charger, laptop, and headphones. They need the item that puts electrical energy into a battery.. Show the specified objects, quantities, colors, people, positions, and actions clearly at phone size. Adult learning context. Keep all critical clues within the frame. No assessed word, answer labels, decorative numerals, captions, or watermarks. Verify every count and geometric or anatomical relationship."
"bathroom-1-usage-scene-1","1673:318","The separate shower enclosure does not show a shower above the bathtub.","The shower is above the bathtub, and the toilet is beside it.","","Replacement artwork needed; use labelled placeholder and textual evidence.","Illustrate exactly: The shower is above the bathtub, and the toilet is beside it.. Show the specified objects, quantities, colors, people, positions, and actions clearly at phone size. Adult learning context. Keep all critical clues within the frame. No assessed word, answer labels, decorative numerals, captions, or watermarks. Verify every count and geometric or anatomical relationship."
"bathroom-1-usage-scene-2","1673:321","The drain is covered or unclear.","During a cleaning check, an adult checks or uses sink, faucet, and drain. The highlighted item is the drain.","","Replacement artwork needed; use labelled placeholder and textual evidence.","Illustrate exactly: During a cleaning check, an adult checks or uses sink, faucet, and drain. The highlighted item is the drain.. Show the specified objects, quantities, colors, people, positions, and actions clearly at phone size. Adult learning context. Keep all critical clues within the frame. No assessed word, answer labels, decorative numerals, captions, or watermarks. Verify every count and geometric or anatomical relationship."
"bathroom-1-usage-scene-4","1673:327","White wall tiles and blue towels do not depict the specified blue tiles.","The blue tiles make the bathroom wall easy to clean.","","Replacement artwork needed; use labelled placeholder and textual evidence.","Illustrate exactly: The blue tiles make the bathroom wall easy to clean.. Show the specified objects, quantities, colors, people, positions, and actions clearly at phone size. Adult learning context. Keep all critical clues within the frame. No assessed word, answer labels, decorative numerals, captions, or watermarks. Verify every count and geometric or anatomical relationship."
"bathroom-2-usage-scene-1","1673:331","Unlabelled cosmetic bottles do not distinguish shampoo from conditioner.","Nour washes her hair with shampoo, then uses conditioner; the soap stays by the sink.","","Replacement artwork needed; use labelled placeholder and textual evidence.","Illustrate exactly: Nour washes her hair with shampoo, then uses conditioner; the soap stays by the sink.. Show the specified objects, quantities, colors, people, positions, and actions clearly at phone size. Adult learning context. Keep all critical clues within the frame. No assessed word, answer labels, decorative numerals, captions, or watermarks. Verify every count and geometric or anatomical relationship."
"bathroom-2-usage-scene-3","1673:337","The cosmetic product is insufficiently distinguishable as lotion.","Leila uses a comb for the ends of her hair, a hairbrush for the rest, and lotion for her hands.","","Replacement artwork needed; use labelled placeholder and textual evidence.","Illustrate exactly: Leila uses a comb for the ends of her hair, a hairbrush for the rest, and lotion for her hands.. Show the specified objects, quantities, colors, people, positions, and actions clearly at phone size. Adult learning context. Keep all critical clues within the frame. No assessed word, answer labels, decorative numerals, captions, or watermarks. Verify every count and geometric or anatomical relationship."
"bathroom-3-usage-scene-4","1673:353","A room thermometer does not clearly represent measuring body temperature.","Mona checks her temperature with a thermometer because she feels unwell.","","Replacement artwork needed; use labelled placeholder and textual evidence.","Illustrate exactly: Mona checks her temperature with a thermometer because she feels unwell.. Show the specified objects, quantities, colors, people, positions, and actions clearly at phone size. Adult learning context. Keep all critical clues within the frame. No assessed word, answer labels, decorative numerals, captions, or watermarks. Verify every count and geometric or anatomical relationship."
"bathroom-4-usage-scene-4","1673:366","The product depiction relies on labels and does not independently establish shower gel.","During a cleaning check, an adult checks or uses shower gel. The highlighted item is the shower gel.","","Replacement artwork needed; use labelled placeholder and textual evidence.","Illustrate exactly: During a cleaning check, an adult checks or uses shower gel. The highlighted item is the shower gel.. Show the specified objects, quantities, colors, people, positions, and actions clearly at phone size. Adult learning context. Keep all critical clues within the frame. No assessed word, answer labels, decorative numerals, captions, or watermarks. Verify every count and geometric or anatomical relationship."
"bathroom-5-usage-scene-1","1673:370","The sunscreen label reveals the assessed answer.","In a guest bathroom, an adult checks or uses face cream, sunscreen, and lip balm. The highlighted item is the sunscreen.","","Replacement artwork needed; use labelled placeholder and textual evidence.","Illustrate exactly: In a guest bathroom, an adult checks or uses face cream, sunscreen, and lip balm. The highlighted item is the sunscreen.. Show the specified objects, quantities, colors, people, positions, and actions clearly at phone size. Adult learning context. Keep all critical clues within the frame. No assessed word, answer labels, decorative numerals, captions, or watermarks. Verify every count and geometric or anatomical relationship."
"bathroom-5-usage-scene-2","1673:373","The hand soap label reveals the assessed answer.","During a morning routine, an adult checks or uses hand soap, body wash, and mouthwash. The highlighted item is the hand soap.","","Replacement artwork needed; use labelled placeholder and textual evidence.","Illustrate exactly: During a morning routine, an adult checks or uses hand soap, body wash, and mouthwash. The highlighted item is the hand soap.. Show the specified objects, quantities, colors, people, positions, and actions clearly at phone size. Adult learning context. Keep all critical clues within the frame. No assessed word, answer labels, decorative numerals, captions, or watermarks. Verify every count and geometric or anatomical relationship."
"bathroom-5-usage-scene-3","1673:376","The transparent cosmetic products are not sufficiently distinguishable.","During a cleaning check, an adult checks or uses dental floss, face wash, and hand sanitizer. The highlighted item is the dental floss.","","Replacement artwork needed; use labelled placeholder and textual evidence.","Illustrate exactly: During a cleaning check, an adult checks or uses dental floss, face wash, and hand sanitizer. The highlighted item is the dental floss.. Show the specified objects, quantities, colors, people, positions, and actions clearly at phone size. Adult learning context. Keep all critical clues within the frame. No assessed word, answer labels, decorative numerals, captions, or watermarks. Verify every count and geometric or anatomical relationship."
"bathroom-5-usage-scene-4","1673:379","The white dispensers do not clearly distinguish wet wipes from tissues.","In a home bathroom, an adult checks or uses wet wipes. The highlighted item is the wet wipes.","","Replacement artwork needed; use labelled placeholder and textual evidence.","Illustrate exactly: In a home bathroom, an adult checks or uses wet wipes. The highlighted item is the wet wipes.. Show the specified objects, quantities, colors, people, positions, and actions clearly at phone size. Adult learning context. Keep all critical clues within the frame. No assessed word, answer labels, decorative numerals, captions, or watermarks. Verify every count and geometric or anatomical relationship."
"bathroom-6-usage-scene-3","1673:389","The squeegee is not sufficiently identifiable.","In a home bathroom, an adult checks or uses plunger, squeegee, and tissue. The highlighted item is the plunger.","","Replacement artwork needed; use labelled placeholder and textual evidence.","Illustrate exactly: In a home bathroom, an adult checks or uses plunger, squeegee, and tissue. The highlighted item is the plunger.. Show the specified objects, quantities, colors, people, positions, and actions clearly at phone size. Adult learning context. Keep all critical clues within the frame. No assessed word, answer labels, decorative numerals, captions, or watermarks. Verify every count and geometric or anatomical relationship."
"bathroom-6-usage-scene-4","1673:392","Overlay captions reveal actions; the actual actions are not shown.","In a hotel room, an adult may wash hands, brush teeth, and take a shower. The highlighted action is wash hands.","","Replacement artwork needed; use labelled placeholder and textual evidence.","Illustrate exactly: In a hotel room, an adult may wash hands, brush teeth, and take a shower. The highlighted action is wash hands.. Show the specified objects, quantities, colors, people, positions, and actions clearly at phone size. Adult learning context. Keep all critical clues within the frame. No assessed word, answer labels, decorative numerals, captions, or watermarks. Verify every count and geometric or anatomical relationship."
"bathroom-6-usage-scene-5","1673:395","Objects do not demonstrate the assessed combing action.","In a guest bathroom, an adult may dry off, flush, and comb hair. The highlighted action is comb hair.","","Replacement artwork needed; use labelled placeholder and textual evidence.","Illustrate exactly: In a guest bathroom, an adult may dry off, flush, and comb hair. The highlighted action is comb hair.. Show the specified objects, quantities, colors, people, positions, and actions clearly at phone size. Adult learning context. Keep all critical clues within the frame. No assessed word, answer labels, decorative numerals, captions, or watermarks. Verify every count and geometric or anatomical relationship."
"bathroom-6-usage-scene-6","1673:398","Overlay captions reveal actions; no lotion application is shown.","During a morning routine, an adult may apply lotion and gargle. The highlighted action is apply lotion.","","Replacement artwork needed; use labelled placeholder and textual evidence.","Illustrate exactly: During a morning routine, an adult may apply lotion and gargle. The highlighted action is apply lotion.. Show the specified objects, quantities, colors, people, positions, and actions clearly at phone size. Adult learning context. Keep all critical clues within the frame. No assessed word, answer labels, decorative numerals, captions, or watermarks. Verify every count and geometric or anatomical relationship."
"kitchen-1-usage-scene-1","1673:402","The oven contains a different food, rather than the bread specified.","Mona takes vegetables from the refrigerator, cooks them on the stove, and warms bread in the oven.","","Replacement artwork needed; use labelled placeholder and textual evidence.","Illustrate exactly: Mona takes vegetables from the refrigerator, cooks them on the stove, and warms bread in the oven.. Show the specified objects, quantities, colors, people, positions, and actions clearly at phone size. Adult learning context. Keep all critical clues within the frame. No assessed word, answer labels, decorative numerals, captions, or watermarks. Verify every count and geometric or anatomical relationship."
"kitchen-1-usage-scene-2","1673:405","The microwave contents do not clearly represent reheating soup.","After lunch, Karim puts the plates in the dishwasher and reheats soup in the microwave; the toaster is ready for breakfast.","","Replacement artwork needed; use labelled placeholder and textual evidence.","Illustrate exactly: After lunch, Karim puts the plates in the dishwasher and reheats soup in the microwave; the toaster is ready for breakfast.. Show the specified objects, quantities, colors, people, positions, and actions clearly at phone size. Adult learning context. Keep all critical clues within the frame. No assessed word, answer labels, decorative numerals, captions, or watermarks. Verify every count and geometric or anatomical relationship."
"kitchen-1-usage-scene-3","1673:408","Leafy vegetables in the blender do not clearly represent the specified fruit.","For breakfast, Dalia uses the blender for fruit, the kettle for tea, and the coffee maker for coffee.","","Replacement artwork needed; use labelled placeholder and textual evidence.","Illustrate exactly: For breakfast, Dalia uses the blender for fruit, the kettle for tea, and the coffee maker for coffee.. Show the specified objects, quantities, colors, people, positions, and actions clearly at phone size. Adult learning context. Keep all critical clues within the frame. No assessed word, answer labels, decorative numerals, captions, or watermarks. Verify every count and geometric or anatomical relationship."
"kitchen-3-usage-scene-2","1673:437","Salad and colored drink contents contradict the specified soup and water.","Hassan pours soup into a bowl, coffee into a mug, and water into a glass.","","Replacement artwork needed; use labelled placeholder and textual evidence.","Illustrate exactly: Hassan pours soup into a bowl, coffee into a mug, and water into a glass.. Show the specified objects, quantities, colors, people, positions, and actions clearly at phone size. Adult learning context. Keep all critical clues within the frame. No assessed word, answer labels, decorative numerals, captions, or watermarks. Verify every count and geometric or anatomical relationship."
"kitchen-5-usage-scene-2","1673:469","Unlabelled white granules do not distinguish salt from sugar.","During a kitchen cleanup, an adult checks or uses cooking oil, salt, and sugar. The highlighted item is the cooking oil.","","Replacement artwork needed; use labelled placeholder and textual evidence.","Illustrate exactly: During a kitchen cleanup, an adult checks or uses cooking oil, salt, and sugar. The highlighted item is the cooking oil.. Show the specified objects, quantities, colors, people, positions, and actions clearly at phone size. Adult learning context. Keep all critical clues within the frame. No assessed word, answer labels, decorative numerals, captions, or watermarks. Verify every count and geometric or anatomical relationship."
"kitchen-5-usage-scene-3","1673:472","The unlabelled liquid and seasonings do not clearly distinguish the specified ingredients.","In a home kitchen, an adult checks or uses pepper, flour, and vinegar. The highlighted item is the pepper.","","Replacement artwork needed; use labelled placeholder and textual evidence.","Illustrate exactly: In a home kitchen, an adult checks or uses pepper, flour, and vinegar. The highlighted item is the pepper.. Show the specified objects, quantities, colors, people, positions, and actions clearly at phone size. Adult learning context. Keep all critical clues within the frame. No assessed word, answer labels, decorative numerals, captions, or watermarks. Verify every count and geometric or anatomical relationship."
"living-room-1-usage-scene-3","1673:485","The specified seated people and counts are absent.","The family eats at the dining table; two people use dining chairs and one sits on the bench.","","Replacement artwork needed; use labelled placeholder and textual evidence.","Illustrate exactly: The family eats at the dining table; two people use dining chairs and one sits on the bench.. Show the specified objects, quantities, colors, people, positions, and actions clearly at phone size. Adult learning context. Keep all critical clues within the frame. No assessed word, answer labels, decorative numerals, captions, or watermarks. Verify every count and geometric or anatomical relationship."
"living-room-2-usage-scene-3","1673:501","The game console is not sufficiently identifiable.","During an evening at home, an adult checks or uses remote control, speaker, and game console. The highlighted item is the remote control.","","Replacement artwork needed; use labelled placeholder and textual evidence.","Illustrate exactly: During an evening at home, an adult checks or uses remote control, speaker, and game console. The highlighted item is the remote control.. Show the specified objects, quantities, colors, people, positions, and actions clearly at phone size. Adult learning context. Keep all critical clues within the frame. No assessed word, answer labels, decorative numerals, captions, or watermarks. Verify every count and geometric or anatomical relationship."
"living-room-3-usage-scene-1","1673:511","The floor lamp is beside an armchair rather than the specified sofa.","The floor lamp stands by the sofa, the table lamp sits beside it, and the ceiling light lights the whole room.","","Replacement artwork needed; use labelled placeholder and textual evidence.","Illustrate exactly: The floor lamp stands by the sofa, the table lamp sits beside it, and the ceiling light lights the whole room.. Show the specified objects, quantities, colors, people, positions, and actions clearly at phone size. Adult learning context. Keep all critical clues within the frame. No assessed word, answer labels, decorative numerals, captions, or watermarks. Verify every count and geometric or anatomical relationship."
"living-room-4-usage-scene-3","1673:533","The painting leans on the display rather than hanging above it.","Fresh flowers fill the vase beside a photo frame, with a painting hanging above them.","","Replacement artwork needed; use labelled placeholder and textual evidence.","Illustrate exactly: Fresh flowers fill the vase beside a photo frame, with a painting hanging above them.. Show the specified objects, quantities, colors, people, positions, and actions clearly at phone size. Adult learning context. Keep all critical clues within the frame. No assessed word, answer labels, decorative numerals, captions, or watermarks. Verify every count and geometric or anatomical relationship."
"living-room-5-usage-scene-2","1673:546","The charger connection and television activity are unclear.","Kareem connects the charger to his phone, puts on his headphones, and watches TV.","","Replacement artwork needed; use labelled placeholder and textual evidence.","Illustrate exactly: Kareem connects the charger to his phone, puts on his headphones, and watches TV.. Show the specified objects, quantities, colors, people, positions, and actions clearly at phone size. Adult learning context. Keep all critical clues within the frame. No assessed word, answer labels, decorative numerals, captions, or watermarks. Verify every count and geometric or anatomical relationship."
"living-room-5-usage-scene-3","1673:549","The narrated actions are represented by props rather than people performing them.","After dinner, the family reads a book, plays games, and listens to music together.","","Replacement artwork needed; use labelled placeholder and textual evidence.","Illustrate exactly: After dinner, the family reads a book, plays games, and listens to music together.. Show the specified objects, quantities, colors, people, positions, and actions clearly at phone size. Adult learning context. Keep all critical clues within the frame. No assessed word, answer labels, decorative numerals, captions, or watermarks. Verify every count and geometric or anatomical relationship."
"living-room-5-usage-scene-4","1673:552","Overlay captions reveal the assessed actions.","During a moving day, an adult may relax, sit down, and chat. The highlighted action is chat.","","Replacement artwork needed; use labelled placeholder and textual evidence.","Illustrate exactly: During a moving day, an adult may relax, sit down, and chat. The highlighted action is chat.. Show the specified objects, quantities, colors, people, positions, and actions clearly at phone size. Adult learning context. Keep all critical clues within the frame. No assessed word, answer labels, decorative numerals, captions, or watermarks. Verify every count and geometric or anatomical relationship."
"living-room-5-usage-scene-5","1673:555","Objects on an empty table do not depict taking a nap.","During an evening at home, an adult may take a nap. The highlighted action is take a nap.","","Replacement artwork needed; use labelled placeholder and textual evidence.","Illustrate exactly: During an evening at home, an adult may take a nap. The highlighted action is take a nap.. Show the specified objects, quantities, colors, people, positions, and actions clearly at phone size. Adult learning context. Keep all critical clues within the frame. No assessed word, answer labels, decorative numerals, captions, or watermarks. Verify every count and geometric or anatomical relationship."
