questionId,unitId,lessonId,wordId,word,stage,sentence,generationPrompt
"numbers-counting-1:eight:gap-fill","numbers-counting","numbers-counting-1","eight","Eight","gap-fill","Eight students are here.","Illustrate exactly: Eight students are here. Adult learning context. Preserve the specified objects, quantities, colors, positions, and actions. No written answer, captions, decorative numbers, or watermarks. Keep all visual clues in frame."
"numbers-counting-1:thirteen:gap-fill","numbers-counting","numbers-counting-1","thirteen","Thirteen","gap-fill","Thirteen people are waiting.","Illustrate exactly: Thirteen people are waiting. Adult learning context. Preserve the specified objects, quantities, colors, positions, and actions. No written answer, captions, decorative numbers, or watermarks. Keep all visual clues in frame."
"numbers-counting-2:sixteen:sentence-builder","numbers-counting","numbers-counting-2","sixteen","Sixteen","sentence-builder","There are sixteen desks in the room.","Illustrate exactly: There are sixteen desks in the room. Adult learning context. Preserve the specified objects, quantities, colors, positions, and actions. No written answer, captions, decorative numbers, or watermarks. Keep all visual clues in frame."
"numbers-counting-2:seventeen:sentence-builder","numbers-counting","numbers-counting-2","seventeen","Seventeen","sentence-builder","Room requests include sixteen, seventeen, eighteen, nineteen, and twenty guests.","Illustrate exactly: Room requests include sixteen, seventeen, eighteen, nineteen, and twenty guests. Adult learning context. Preserve the specified objects, quantities, colors, positions, and actions. No written answer, captions, decorative numbers, or watermarks. Keep all visual clues in frame."
"numbers-counting-2:eighteen:gap-fill","numbers-counting","numbers-counting-2","eighteen","Eighteen","gap-fill","We need eighteen plates.","Illustrate exactly: We need eighteen plates. Adult learning context. Preserve the specified objects, quantities, colors, positions, and actions. No written answer, captions, decorative numbers, or watermarks. Keep all visual clues in frame."
"numbers-counting-2:eighteen:sentence-builder","numbers-counting","numbers-counting-2","eighteen","Eighteen","sentence-builder","Room requests include sixteen, seventeen, eighteen, nineteen, and twenty guests.","Illustrate exactly: Room requests include sixteen, seventeen, eighteen, nineteen, and twenty guests. Adult learning context. Preserve the specified objects, quantities, colors, positions, and actions. No written answer, captions, decorative numbers, or watermarks. Keep all visual clues in frame."
"numbers-counting-2:nineteen:gap-fill","numbers-counting","numbers-counting-2","nineteen","Nineteen","gap-fill","Nineteen people are here.","Illustrate exactly: Nineteen people are here. Adult learning context. Preserve the specified objects, quantities, colors, positions, and actions. No written answer, captions, decorative numbers, or watermarks. Keep all visual clues in frame."
"numbers-counting-2:nineteen:sentence-builder","numbers-counting","numbers-counting-2","nineteen","Nineteen","sentence-builder","Room requests include sixteen, seventeen, eighteen, nineteen, and twenty guests.","Illustrate exactly: Room requests include sixteen, seventeen, eighteen, nineteen, and twenty guests. Adult learning context. Preserve the specified objects, quantities, colors, positions, and actions. No written answer, captions, decorative numbers, or watermarks. Keep all visual clues in frame."
"numbers-counting-2:twenty:gap-fill","numbers-counting","numbers-counting-2","twenty","Twenty","gap-fill","The bus has twenty seats.","Illustrate exactly: The bus has twenty seats. Adult learning context. Preserve the specified objects, quantities, colors, positions, and actions. No written answer, captions, decorative numbers, or watermarks. Keep all visual clues in frame."
"numbers-counting-2:twenty:sentence-builder","numbers-counting","numbers-counting-2","twenty","Twenty","sentence-builder","Room requests include sixteen, seventeen, eighteen, nineteen, and twenty guests.","Illustrate exactly: Room requests include sixteen, seventeen, eighteen, nineteen, and twenty guests. Adult learning context. Preserve the specified objects, quantities, colors, positions, and actions. No written answer, captions, decorative numbers, or watermarks. Keep all visual clues in frame."
"numbers-counting-2:thirty:gap-fill","numbers-counting","numbers-counting-2","thirty","Thirty","gap-fill","The class has thirty students.","Illustrate exactly: The class has thirty students. Adult learning context. Preserve the specified objects, quantities, colors, positions, and actions. No written answer, captions, decorative numbers, or watermarks. Keep all visual clues in frame."
"numbers-counting-2:thirty:sentence-builder","numbers-counting","numbers-counting-2","thirty","Thirty","sentence-builder","Larger group bookings show thirty, forty, fifty, sixty, seventy, eighty, and ninety people.","Illustrate exactly: Larger group bookings show thirty, forty, fifty, sixty, seventy, eighty, and ninety people. Adult learning context. Preserve the specified objects, quantities, colors, positions, and actions. No written answer, captions, decorative numbers, or watermarks. Keep all visual clues in frame."
"numbers-counting-2:forty:gap-fill","numbers-counting","numbers-counting-2","forty","Forty","gap-fill","This book has forty pages.","Illustrate exactly: This book has forty pages. Adult learning context. Preserve the specified objects, quantities, colors, positions, and actions. No written answer, captions, decorative numbers, or watermarks. Keep all visual clues in frame."
"numbers-counting-2:forty:sentence-builder","numbers-counting","numbers-counting-2","forty","Forty","sentence-builder","Larger group bookings show thirty, forty, fifty, sixty, seventy, eighty, and ninety people.","Illustrate exactly: Larger group bookings show thirty, forty, fifty, sixty, seventy, eighty, and ninety people. Adult learning context. Preserve the specified objects, quantities, colors, positions, and actions. No written answer, captions, decorative numbers, or watermarks. Keep all visual clues in frame."
"numbers-counting-2:fifty:gap-fill","numbers-counting","numbers-counting-2","fifty","Fifty","gap-fill","I have fifty pounds.","Illustrate exactly: I have fifty pounds. Adult learning context. Preserve the specified objects, quantities, colors, positions, and actions. No written answer, captions, decorative numbers, or watermarks. Keep all visual clues in frame."
"numbers-counting-2:fifty:sentence-builder","numbers-counting","numbers-counting-2","fifty","Fifty","sentence-builder","Larger group bookings show thirty, forty, fifty, sixty, seventy, eighty, and ninety people.","Illustrate exactly: Larger group bookings show thirty, forty, fifty, sixty, seventy, eighty, and ninety people. Adult learning context. Preserve the specified objects, quantities, colors, positions, and actions. No written answer, captions, decorative numbers, or watermarks. Keep all visual clues in frame."
"numbers-counting-2:sixty:sentence-builder","numbers-counting","numbers-counting-2","sixty","Sixty","sentence-builder","Larger group bookings show thirty, forty, fifty, sixty, seventy, eighty, and ninety people.","Illustrate exactly: Larger group bookings show thirty, forty, fifty, sixty, seventy, eighty, and ninety people. Adult learning context. Preserve the specified objects, quantities, colors, positions, and actions. No written answer, captions, decorative numbers, or watermarks. Keep all visual clues in frame."
"numbers-counting-2:seventy:gap-fill","numbers-counting","numbers-counting-2","seventy","Seventy","gap-fill","My grandfather is seventy.","Illustrate exactly: My grandfather is seventy. Adult learning context. Preserve the specified objects, quantities, colors, positions, and actions. No written answer, captions, decorative numbers, or watermarks. Keep all visual clues in frame."
"numbers-counting-2:seventy:sentence-builder","numbers-counting","numbers-counting-2","seventy","Seventy","sentence-builder","My grandfather is seventy years old.","Illustrate exactly: My grandfather is seventy years old. Adult learning context. Preserve the specified objects, quantities, colors, positions, and actions. No written answer, captions, decorative numbers, or watermarks. Keep all visual clues in frame."
"numbers-counting-2:eighty:gap-fill","numbers-counting","numbers-counting-2","eighty","Eighty","gap-fill","The box holds eighty cards.","Illustrate exactly: The box holds eighty cards. Adult learning context. Preserve the specified objects, quantities, colors, positions, and actions. No written answer, captions, decorative numbers, or watermarks. Keep all visual clues in frame."
"numbers-counting-2:eighty:sentence-builder","numbers-counting","numbers-counting-2","eighty","Eighty","sentence-builder","Larger group bookings show thirty, forty, fifty, sixty, seventy, eighty, and ninety people.","Illustrate exactly: Larger group bookings show thirty, forty, fifty, sixty, seventy, eighty, and ninety people. Adult learning context. Preserve the specified objects, quantities, colors, positions, and actions. No written answer, captions, decorative numbers, or watermarks. Keep all visual clues in frame."
"numbers-counting-2:ninety:gap-fill","numbers-counting","numbers-counting-2","ninety","Ninety","gap-fill","The trip costs ninety pounds.","Illustrate exactly: The trip costs ninety pounds. Adult learning context. Preserve the specified objects, quantities, colors, positions, and actions. No written answer, captions, decorative numbers, or watermarks. Keep all visual clues in frame."
"numbers-counting-2:ninety:sentence-builder","numbers-counting","numbers-counting-2","ninety","Ninety","sentence-builder","Larger group bookings show thirty, forty, fifty, sixty, seventy, eighty, and ninety people.","Illustrate exactly: Larger group bookings show thirty, forty, fifty, sixty, seventy, eighty, and ninety people. Adult learning context. Preserve the specified objects, quantities, colors, positions, and actions. No written answer, captions, decorative numbers, or watermarks. Keep all visual clues in frame."
"numbers-counting-2:hundred:gap-fill","numbers-counting","numbers-counting-2","hundred","Hundred","gap-fill","One hundred people came.","Illustrate exactly: One hundred people came. Adult learning context. Preserve the specified objects, quantities, colors, positions, and actions. No written answer, captions, decorative numbers, or watermarks. Keep all visual clues in frame."
"numbers-counting-2:hundred:sentence-builder","numbers-counting","numbers-counting-2","hundred","Hundred","sentence-builder","One hundred people came to the event.","Illustrate exactly: One hundred people came to the event. Adult learning context. Preserve the specified objects, quantities, colors, positions, and actions. No written answer, captions, decorative numbers, or watermarks. Keep all visual clues in frame."
"numbers-counting-2:thousand:gap-fill","numbers-counting","numbers-counting-2","thousand","Thousand","gap-fill","The town has one thousand homes.","Illustrate exactly: The town has one thousand homes. Adult learning context. Preserve the specified objects, quantities, colors, positions, and actions. No written answer, captions, decorative numbers, or watermarks. Keep all visual clues in frame."
"numbers-counting-2:million:gap-fill","numbers-counting","numbers-counting-2","million","Million","gap-fill","The city has one million people.","Illustrate exactly: The city has one million people. Adult learning context. Preserve the specified objects, quantities, colors, positions, and actions. No written answer, captions, decorative numbers, or watermarks. Keep all visual clues in frame."
"numbers-counting-3:first:gap-fill","numbers-counting","numbers-counting-3","first","First","gap-fill","I am first in line.","Illustrate exactly: I am first in line. Adult learning context. Preserve the specified objects, quantities, colors, positions, and actions. No written answer, captions, decorative numbers, or watermarks. Keep all visual clues in frame."
"numbers-counting-3:second:gap-fill","numbers-counting","numbers-counting-3","second","Second","gap-fill","Mona is second in line.","Illustrate exactly: Mona is second in line. Adult learning context. Preserve the specified objects, quantities, colors, positions, and actions. No written answer, captions, decorative numbers, or watermarks. Keep all visual clues in frame."
"numbers-counting-3:third:gap-fill","numbers-counting","numbers-counting-3","third","Third","gap-fill","Ali is third in line.","Illustrate exactly: Ali is third in line. Adult learning context. Preserve the specified objects, quantities, colors, positions, and actions. No written answer, captions, decorative numbers, or watermarks. Keep all visual clues in frame."
"numbers-counting-3:fourth:gap-fill","numbers-counting","numbers-counting-3","fourth","Fourth","gap-fill","This is the fourth page.","Illustrate exactly: This is the fourth page. Adult learning context. Preserve the specified objects, quantities, colors, positions, and actions. No written answer, captions, decorative numbers, or watermarks. Keep all visual clues in frame."
"numbers-counting-3:sixth:gap-fill","numbers-counting","numbers-counting-3","sixth","Sixth","gap-fill","She finished in sixth place.","Illustrate exactly: She finished in sixth place. Adult learning context. Preserve the specified objects, quantities, colors, positions, and actions. No written answer, captions, decorative numbers, or watermarks. Keep all visual clues in frame."
"numbers-counting-3:seventh:gap-fill","numbers-counting","numbers-counting-3","seventh","Seventh","gap-fill","He lives on the seventh floor.","Illustrate exactly: He lives on the seventh floor. Adult learning context. Preserve the specified objects, quantities, colors, positions, and actions. No written answer, captions, decorative numbers, or watermarks. Keep all visual clues in frame."
"numbers-counting-3:eighth:gap-fill","numbers-counting","numbers-counting-3","eighth","Eighth","gap-fill","This is my eighth lesson.","Illustrate exactly: This is my eighth lesson. Adult learning context. Preserve the specified objects, quantities, colors, positions, and actions. No written answer, captions, decorative numbers, or watermarks. Keep all visual clues in frame."
"numbers-counting-3:ninth:gap-fill","numbers-counting","numbers-counting-3","ninth","Ninth","gap-fill","She chose the ninth card.","Illustrate exactly: She chose the ninth card. Adult learning context. Preserve the specified objects, quantities, colors, positions, and actions. No written answer, captions, decorative numbers, or watermarks. Keep all visual clues in frame."
"numbers-counting-3:tenth:gap-fill","numbers-counting","numbers-counting-3","tenth","Tenth","gap-fill","Today is the tenth lesson.","Illustrate exactly: Today is the tenth lesson. Adult learning context. Preserve the specified objects, quantities, colors, positions, and actions. No written answer, captions, decorative numbers, or watermarks. Keep all visual clues in frame."
"numbers-counting-3:equals:gap-fill","numbers-counting","numbers-counting-3","equals","Equals","gap-fill","Two plus three equals five.","Illustrate exactly: Two plus three equals five. Adult learning context. Preserve the specified objects, quantities, colors, positions, and actions. No written answer, captions, decorative numbers, or watermarks. Keep all visual clues in frame."
"numbers-counting-4:minus:gap-fill","numbers-counting","numbers-counting-4","minus","Minus","gap-fill","Five minus two equals three.","Illustrate exactly: Five minus two equals three. Adult learning context. Preserve the specified objects, quantities, colors, positions, and actions. No written answer, captions, decorative numbers, or watermarks. Keep all visual clues in frame."
"colors-1:red:sentence-builder","colors","colors-1","red","Red","sentence-builder","The ripe apples on the tree turned a bright red.","Illustrate exactly: The ripe apples on the tree turned a bright red. Adult learning context. Preserve the specified objects, quantities, colors, positions, and actions. No written answer, captions, decorative numbers, or watermarks. Keep all visual clues in frame."
"colors-1:blue:sentence-builder","colors","colors-1","blue","Blue","sentence-builder","The sky was clear and blue above the mountain peaks.","Illustrate exactly: The sky was clear and blue above the mountain peaks. Adult learning context. Preserve the specified objects, quantities, colors, positions, and actions. No written answer, captions, decorative numbers, or watermarks. Keep all visual clues in frame."
"colors-1:yellow:sentence-builder","colors","colors-1","yellow","Yellow","sentence-builder","Bright yellow sunflowers bloomed along the garden fence.","Illustrate exactly: Bright yellow sunflowers bloomed along the garden fence. Adult learning context. Preserve the specified objects, quantities, colors, positions, and actions. No written answer, captions, decorative numbers, or watermarks. Keep all visual clues in frame."
"colors-1:green:sentence-builder","colors","colors-1","green","Green","sentence-builder","After the spring rain, the hills were covered in green grass.","Illustrate exactly: After the spring rain, the hills were covered in green grass. Adult learning context. Preserve the specified objects, quantities, colors, positions, and actions. No written answer, captions, decorative numbers, or watermarks. Keep all visual clues in frame."
"colors-1:orange:sentence-builder","colors","colors-1","orange","Orange","sentence-builder","The setting sun painted the clouds in shades of orange.","Illustrate exactly: The setting sun painted the clouds in shades of orange. Adult learning context. Preserve the specified objects, quantities, colors, positions, and actions. No written answer, captions, decorative numbers, or watermarks. Keep all visual clues in frame."
"colors-1:purple:sentence-builder","colors","colors-1","purple","Purple","sentence-builder","She chose a deep purple cover for her notebook.","Illustrate exactly: She chose a deep purple cover for her notebook. Adult learning context. Preserve the specified objects, quantities, colors, positions, and actions. No written answer, captions, decorative numbers, or watermarks. Keep all visual clues in frame."
"colors-1:pink:sentence-builder","colors","colors-1","pink","Pink","sentence-builder","The cherry trees were covered in soft pink blossoms.","Illustrate exactly: The cherry trees were covered in soft pink blossoms. Adult learning context. Preserve the specified objects, quantities, colors, positions, and actions. No written answer, captions, decorative numbers, or watermarks. Keep all visual clues in frame."
"colors-1:brown:sentence-builder","colors","colors-1","brown","Brown","sentence-builder","The carpenter polished the warm brown surface of the oak table.","Illustrate exactly: The carpenter polished the warm brown surface of the oak table. Adult learning context. Preserve the specified objects, quantities, colors, positions, and actions. No written answer, captions, decorative numbers, or watermarks. Keep all visual clues in frame."
"colors-1:black:sentence-builder","colors","colors-1","black","Black","sentence-builder","He wrote the title neatly in black ink.","Illustrate exactly: He wrote the title neatly in black ink. Adult learning context. Preserve the specified objects, quantities, colors, positions, and actions. No written answer, captions, decorative numbers, or watermarks. Keep all visual clues in frame."
"colors-1:white:sentence-builder","colors","colors-1","white","White","sentence-builder","He wore a clean white shirt to Friday prayer.","Illustrate exactly: He wore a clean white shirt to Friday prayer. Adult learning context. Preserve the specified objects, quantities, colors, positions, and actions. No written answer, captions, decorative numbers, or watermarks. Keep all visual clues in frame."
"colors-1:cyan:sentence-builder","colors","colors-1","cyan","Cyan","sentence-builder","The printer needed a new cyan ink cartridge.","Illustrate exactly: The printer needed a new cyan ink cartridge. Adult learning context. Preserve the specified objects, quantities, colors, positions, and actions. No written answer, captions, decorative numbers, or watermarks. Keep all visual clues in frame."
"colors-1:magenta:sentence-builder","colors","colors-1","magenta","Magenta","sentence-builder","The desert flowers bloomed in a striking shade of magenta.","Illustrate exactly: The desert flowers bloomed in a striking shade of magenta. Adult learning context. Preserve the specified objects, quantities, colors, positions, and actions. No written answer, captions, decorative numbers, or watermarks. Keep all visual clues in frame."
"colors-1:lime:sentence-builder","colors","colors-1","lime","Lime","sentence-builder","The sports jersey had bright lime stripes along the sleeves.","Illustrate exactly: The sports jersey had bright lime stripes along the sleeves. Adult learning context. Preserve the specified objects, quantities, colors, positions, and actions. No written answer, captions, decorative numbers, or watermarks. Keep all visual clues in frame."
"colors-1:teal:sentence-builder","colors","colors-1","teal","Teal","sentence-builder","The ceramic tiles in the courtyard were glazed in deep teal.","Illustrate exactly: The ceramic tiles in the courtyard were glazed in deep teal. Adult learning context. Preserve the specified objects, quantities, colors, positions, and actions. No written answer, captions, decorative numbers, or watermarks. Keep all visual clues in frame."
"colors-1:indigo:gap-fill","colors","colors-1","indigo","Indigo","gap-fill","Indigo appears in the rainbow.","Illustrate exactly: Indigo appears in the rainbow. Adult learning context. Preserve the specified objects, quantities, colors, positions, and actions. No written answer, captions, decorative numbers, or watermarks. Keep all visual clues in frame."
"colors-1:indigo:sentence-builder","colors","colors-1","indigo","Indigo","sentence-builder","At dusk, the evening sky darkened to a deep indigo.","Illustrate exactly: At dusk, the evening sky darkened to a deep indigo. Adult learning context. Preserve the specified objects, quantities, colors, positions, and actions. No written answer, captions, decorative numbers, or watermarks. Keep all visual clues in frame."
"colors-2:violet:sentence-builder","colors","colors-2","violet","Violet","sentence-builder","Small violet wildflowers grew beside the mountain stream.","Illustrate exactly: Small violet wildflowers grew beside the mountain stream. Adult learning context. Preserve the specified objects, quantities, colors, positions, and actions. No written answer, captions, decorative numbers, or watermarks. Keep all visual clues in frame."
"colors-2:coral:sentence-builder","colors","colors-2","coral","Coral","sentence-builder","The seashell had a smooth coral tint on the inside.","Illustrate exactly: The seashell had a smooth coral tint on the inside. Adult learning context. Preserve the specified objects, quantities, colors, positions, and actions. No written answer, captions, decorative numbers, or watermarks. Keep all visual clues in frame."
"colors-2:salmon:sentence-builder","colors","colors-2","salmon","Salmon","sentence-builder","The morning clouds glowed with a soft salmon hue at dawn.","Illustrate exactly: The morning clouds glowed with a soft salmon hue at dawn. Adult learning context. Preserve the specified objects, quantities, colors, positions, and actions. No written answer, captions, decorative numbers, or watermarks. Keep all visual clues in frame."
"colors-2:turquoise:sentence-builder","colors","colors-2","turquoise","Turquoise","sentence-builder","The shallow water near the coast was a clear turquoise.","Illustrate exactly: The shallow water near the coast was a clear turquoise. Adult learning context. Preserve the specified objects, quantities, colors, positions, and actions. No written answer, captions, decorative numbers, or watermarks. Keep all visual clues in frame."
"colors-2:lavender:sentence-builder","colors","colors-2","lavender","Lavender","sentence-builder","The bedroom curtains were a soft shade of lavender.","Illustrate exactly: The bedroom curtains were a soft shade of lavender. Adult learning context. Preserve the specified objects, quantities, colors, positions, and actions. No written answer, captions, decorative numbers, or watermarks. Keep all visual clues in frame."
"colors-2:light:gap-fill","colors","colors-2","light","Light","gap-fill","This room has light walls.","Illustrate exactly: This room has light walls. Adult learning context. Preserve the specified objects, quantities, colors, positions, and actions. No written answer, captions, decorative numbers, or watermarks. Keep all visual clues in frame."
"colors-2:light:sentence-builder","colors","colors-2","light","Light","sentence-builder","Painting the walls light blue made the small room feel larger.","Illustrate exactly: Painting the walls light blue made the small room feel larger. Adult learning context. Preserve the specified objects, quantities, colors, positions, and actions. No written answer, captions, decorative numbers, or watermarks. Keep all visual clues in frame."
"colors-2:dark:sentence-builder","colors","colors-2","dark","Dark","sentence-builder","He wore a dark gray coat during the winter trip.","Illustrate exactly: He wore a dark gray coat during the winter trip. Adult learning context. Preserve the specified objects, quantities, colors, positions, and actions. No written answer, captions, decorative numbers, or watermarks. Keep all visual clues in frame."
"colors-2:bright:sentence-builder","colors","colors-2","bright","Bright","sentence-builder","Road workers wear bright yellow vests so drivers can see them.","Illustrate exactly: Road workers wear bright yellow vests so drivers can see them. Adult learning context. Preserve the specified objects, quantities, colors, positions, and actions. No written answer, captions, decorative numbers, or watermarks. Keep all visual clues in frame."
"colors-2:dull:sentence-builder","colors","colors-2","dull","Dull","sentence-builder","Over time, the old brass lamp turned a dull brown.","Illustrate exactly: Over time, the old brass lamp turned a dull brown. Adult learning context. Preserve the specified objects, quantities, colors, positions, and actions. No written answer, captions, decorative numbers, or watermarks. Keep all visual clues in frame."
"colors-2:vivid:sentence-builder","colors","colors-2","vivid","Vivid","sentence-builder","The artist used vivid greens and blues to paint the oasis.","Illustrate exactly: The artist used vivid greens and blues to paint the oasis. Adult learning context. Preserve the specified objects, quantities, colors, positions, and actions. No written answer, captions, decorative numbers, or watermarks. Keep all visual clues in frame."
"colors-2:pale:sentence-builder","colors","colors-2","pale","Pale","sentence-builder","The baby's blanket was knitted from pale yellow wool.","Illustrate exactly: The baby's blanket was knitted from pale yellow wool. Adult learning context. Preserve the specified objects, quantities, colors, positions, and actions. No written answer, captions, decorative numbers, or watermarks. Keep all visual clues in frame."
"colors-2:deep:sentence-builder","colors","colors-2","deep","Deep","sentence-builder","The library carpet was woven in a deep emerald green.","Illustrate exactly: The library carpet was woven in a deep emerald green. Adult learning context. Preserve the specified objects, quantities, colors, positions, and actions. No written answer, captions, decorative numbers, or watermarks. Keep all visual clues in frame."
"colors-2:warm:sentence-builder","colors","colors-2","warm","Warm","sentence-builder","Warm earth tones like ochre and brown make a room feel welcoming.","Illustrate exactly: Warm earth tones like ochre and brown make a room feel welcoming. Adult learning context. Preserve the specified objects, quantities, colors, positions, and actions. No written answer, captions, decorative numbers, or watermarks. Keep all visual clues in frame."
"colors-2:cool:sentence-builder","colors","colors-2","cool","Cool","sentence-builder","The designer used cool blues and grays for the study room.","Illustrate exactly: The designer used cool blues and grays for the study room. Adult learning context. Preserve the specified objects, quantities, colors, positions, and actions. No written answer, captions, decorative numbers, or watermarks. Keep all visual clues in frame."
"colors-2:neutral:sentence-builder","colors","colors-2","neutral","Neutral","sentence-builder","Neutral colors like beige and gray match almost any furniture.","Illustrate exactly: Neutral colors like beige and gray match almost any furniture. Adult learning context. Preserve the specified objects, quantities, colors, positions, and actions. No written answer, captions, decorative numbers, or watermarks. Keep all visual clues in frame."
"colors-3:mix:sentence-builder","colors","colors-3","mix","Mix","sentence-builder","If you mix blue and yellow paint, you get green.","Illustrate exactly: If you mix blue and yellow paint, you get green. Adult learning context. Preserve the specified objects, quantities, colors, positions, and actions. No written answer, captions, decorative numbers, or watermarks. Keep all visual clues in frame."
"colors-3:blend:sentence-builder","colors","colors-3","blend","Blend","sentence-builder","Use a soft brush to blend the sky colors from blue to gold.","Illustrate exactly: Use a soft brush to blend the sky colors from blue to gold. Adult learning context. Preserve the specified objects, quantities, colors, positions, and actions. No written answer, captions, decorative numbers, or watermarks. Keep all visual clues in frame."
"colors-3:shade:sentence-builder","colors","colors-3","shade","Shade","sentence-builder","The artist used a darker shade of green for the pine trees.","Illustrate exactly: The artist used a darker shade of green for the pine trees. Adult learning context. Preserve the specified objects, quantities, colors, positions, and actions. No written answer, captions, decorative numbers, or watermarks. Keep all visual clues in frame."
"colors-3:tint:sentence-builder","colors","colors-3","tint","Tint","sentence-builder","Adding white paint to red creates a soft pink tint.","Illustrate exactly: Adding white paint to red creates a soft pink tint. Adult learning context. Preserve the specified objects, quantities, colors, positions, and actions. No written answer, captions, decorative numbers, or watermarks. Keep all visual clues in frame."
"colors-3:hue:sentence-builder","colors","colors-3","hue","Hue","sentence-builder","In autumn, the maple leaves turn a golden hue.","Illustrate exactly: In autumn, the maple leaves turn a golden hue. Adult learning context. Preserve the specified objects, quantities, colors, positions, and actions. No written answer, captions, decorative numbers, or watermarks. Keep all visual clues in frame."
"colors-3:saturation:sentence-builder","colors","colors-3","saturation","Saturation","sentence-builder","Lowering the saturation makes the photograph look calm and vintage.","Illustrate exactly: Lowering the saturation makes the photograph look calm and vintage. Adult learning context. Preserve the specified objects, quantities, colors, positions, and actions. No written answer, captions, decorative numbers, or watermarks. Keep all visual clues in frame."
"colors-3:gradient:gap-fill","colors","colors-3","gradient","Gradient","gap-fill","The poster has a smooth gradient.","Illustrate exactly: The poster has a smooth gradient. Adult learning context. Preserve the specified objects, quantities, colors, positions, and actions. No written answer, captions, decorative numbers, or watermarks. Keep all visual clues in frame."
"colors-3:gradient:sentence-builder","colors","colors-3","gradient","Gradient","sentence-builder","The poster background features a smooth gradient from navy to sky blue.","Illustrate exactly: The poster background features a smooth gradient from navy to sky blue. Adult learning context. Preserve the specified objects, quantities, colors, positions, and actions. No written answer, captions, decorative numbers, or watermarks. Keep all visual clues in frame."
"colors-3:rainbow:sentence-builder","colors","colors-3","rainbow","Rainbow","sentence-builder","After the rainstorm, a bright rainbow appeared over the valley.","Illustrate exactly: After the rainstorm, a bright rainbow appeared over the valley. Adult learning context. Preserve the specified objects, quantities, colors, positions, and actions. No written answer, captions, decorative numbers, or watermarks. Keep all visual clues in frame."
"colors-3:spectrum:sentence-builder","colors","colors-3","spectrum","Spectrum","sentence-builder","A glass prism splits sunlight into the full visible spectrum.","Illustrate exactly: A glass prism splits sunlight into the full visible spectrum. Adult learning context. Preserve the specified objects, quantities, colors, positions, and actions. No written answer, captions, decorative numbers, or watermarks. Keep all visual clues in frame."
"colors-3:pigment:sentence-builder","colors","colors-3","pigment","Pigment","sentence-builder","Traditional painters ground lapis lazuli stone to make blue pigment.","Illustrate exactly: Traditional painters ground lapis lazuli stone to make blue pigment. Adult learning context. Preserve the specified objects, quantities, colors, positions, and actions. No written answer, captions, decorative numbers, or watermarks. Keep all visual clues in frame."
